Mass (kg),Waves,Wavelength (m),Frequency (Hz),Amplitude (m)
0.2,0.5,2.36,44,0.075
,1,1.18,85,0.015
,1.5,0.7866666667,132,0.012
,2,0.59,151,0.009
,2.5,0.472,173,0.008
,3,0.3933333333,215,0.004