Displacement (m),Average Force (N)
0,0
0.05,1.184229745
0.10,2.525217531
0.15,3.641338137
0.20,4.837238595